{
	"name": "C++",
	"build": {
		"dockerfile": "Dockerfile",
		// Update 'VARIANT' to pick an Debian / Ubuntu OS version: debian-10, debian-9, ubuntu-20.04, ubuntu-18.04
		"args": { "VARIANT": "ubuntu-20.04" }
	},
	"runArgs": [ "--cap-add=SYS_PTRACE", "--security-opt", "seccomp=unconfined"],

	// Set *default* container specific settings.json values on container create.
	"settings": { 
        "clangd.path": "clangd-11",
        "cmake.copyCompileCommands": "${workspaceFolder}/compile_commands.json",
        "workbench.colorTheme": "Solarized Dark",
		"terminal.integrated.shell.linux": "/bin/bash"
	},

	// Add the IDs of extensions you want installed when the container is created.
	"extensions": [
        // "ms-vscode.cpptools",
        "ms-vscode.cmake-tools",
        "vscodevim.vim",
        "llvm-vs-code-extensions.vscode-clangd",
        "twxs.cmake",
	],

	// Use 'forwardPorts' to make a list of ports inside the container available locally.
	// "forwardPorts": [],

	// Use 'postCreateCommand' to run commands after the container is created.
	// "postCreateCommand": "gcc -v",

	// Comment out connect as root instead. More info: https://aka.ms/vscode-remote/containers/non-root.
	"remoteUser": "vscode"
}
